学生番号,パスワード,パスワード確認,クラス,番号,名前
1000,12345,12345,R4A1,1,竹中 輝政
1001,12345,12345,R4A1,2,谷 るり子
1002,12345,12345,R4A1,3,高山　武志
1003,12345,12345,R4A1,4,滝沢　志津恵
1004,12345,12345,R4A1,5,高島　智明
1005,12345,12345,R4A1,6,大川　麻沙美
1006,12345,12345,R4A1,7,滝沢　啓志
1007,12345,12345,R4A1,8,宮崎　紀夫
1008,12345,12345,R4A1,9,齋藤　明義
1009,12345,12345,R4A1,10,浜野　秀次郎
1010,12345,12345,G3A1,1,原　季孝
1011,12345,12345,G3A1,2,山村　斎
1012,12345,12345,G3A1,3,西尾　兼典
1013,12345,12345,G3A1,4,中尾　紀明
1014,12345,12345,G3A1,5,浅田　礒江
1015,12345,12345,G3A1,6,松永　茜
1016,12345,12345,G3A1,7,長沢　ひとみ
1017,12345,12345,G3A1,8,河野　孝彦
1018,12345,12345,G3A1,9,三好　則之
1019,12345,12345,G3A1,10,緒方　千恵
1020,12345,12345,S3A1,1,深沢　澄
1021,12345,12345,S3A1,2,星野　満生
1022,12345,12345,S3A1,3,佐伯　俊之
1023,12345,12345,S3A1,4,牧野　敏志
1024,12345,12345,S3A1,5,田島　敬冶
1025,12345,12345,S3A1,6,甲斐　幸弘
1026,12345,12345,S3A1,7,杉田　護
1027,12345,12345,S3A1,8,吉井　和久
1028,12345,12345,S3A1,9,坂本　直美
1029,12345,12345,S3A1,10,田上　智美
